[
  {
    "login": "benjchristensen",
    "id": 813492,
    "avatar_url": "https://avatars0.githubusercontent.com/u/813492?v=4",
    "gravatar_id": "",
    "url": "https://api.github.com/users/benjchristensen",
    "html_url": "https://github.com/benjchristensen",
    "followers_url": "https://api.github.com/users/benjchristensen/followers",
    "following_url": "https://api.github.com/users/benjchristensen/following{/other_user}",
    "gists_url": "https://api.github.com/users/benjchristensen/gists{/gist_id}",
    "starred_url": "https://api.github.com/users/benjchristensen/starred{/owner}{/repo}",
    "subscriptions_url": "https://api.github.com/users/benjchristensen/subscriptions",
    "organizations_url": "https://api.github.com/users/benjchristensen/orgs",
    "repos_url": "https://api.github.com/users/benjchristensen/repos",
    "events_url": "https://api.github.com/users/benjchristensen/events{/privacy}",
    "received_events_url": "https://api.github.com/users/benjchristensen/received_events",
    "type": "User",
    "site_admin": false,
    "contributions": 2019
  },
  {
    "login": "akarnokd",
    "id": 1269832,
    "avatar_url": "https://avatars2.githubusercontent.com/u/1269832?v=4",
    "gravatar_id": "",
    "url": "https://api.github.com/users/akarnokd",
    "html_url": "https://github.com/akarnokd",
    "followers_url": "https://api.github.com/users/akarnokd/followers",
    "following_url": "https://api.github.com/users/akarnokd/following{/other_user}",
    "gists_url": "https://api.github.com/users/akarnokd/gists{/gist_id}",
    "starred_url": "https://api.github.com/users/akarnokd/starred{/owner}{/repo}",
    "subscriptions_url": "https://api.github.com/users/akarnokd/subscriptions",
    "organizations_url": "https://api.github.com/users/akarnokd/orgs",
    "repos_url": "https://api.github.com/users/akarnokd/repos",
    "events_url": "https://api.github.com/users/akarnokd/events{/privacy}",
    "received_events_url": "https://api.github.com/users/akarnokd/received_events",
    "type": "User",
    "site_admin": false,
    "contributions": 985
  },
  {
    "login": "zsxwing",
    "id": 1000778,
    "avatar_url": "https://avatars0.githubusercontent.com/u/1000778?v=4",
    "gravatar_id": "",
    "url": "https://api.github.com/users/zsxwing",
    "html_url": "https://github.com/zsxwing",
    "followers_url": "https://api.github.com/users/zsxwing/followers",
    "following_url": "https://api.github.com/users/zsxwing/following{/other_user}",
    "gists_url": "https://api.github.com/users/zsxwing/gists{/gist_id}",
    "starred_url": "https://api.github.com/users/zsxwing/starred{/owner}{/repo}",
    "subscriptions_url": "https://api.github.com/users/zsxwing/subscriptions",
    "organizations_url": "https://api.github.com/users/zsxwing/orgs",
    "repos_url": "https://api.github.com/users/zsxwing/repos",
    "events_url": "https://api.github.com/users/zsxwing/events{/privacy}",
    "received_events_url": "https://api.github.com/users/zsxwing/received_events",
    "type": "User",
    "site_admin": false,
    "contributions": 295
  }
]