{
  "groups": {
    "ML5KeWuu4V8AVjSFd1TQ": {
      "id": "ML5KeWuu4V8AVjSFd1TQ",
      "groupName": "Trip to Goa",
      "groupDescription": "This group manages expenses for Goa Trip",
      "currency": "INR",
      "groupAdmin": {
        "0IkpreLTzQR8b5oXMgR1SV2EvWr2": []
      },
      "groupMembers": {
        "3qOzMCDPq6d6VTfzMv7HkKm8ifo2": [],
        "KppGjUJPjdXq3bAJ2HneiL3Her23": [
          "sYOb8HISfISexUjCXidG34nGzD72"
        ],
        "81AcdqBlwiXemmLkBZqmTjDYsYk1": []
      }
    },
    "luKasxuFEqbqkagEe00q": {
      "id": "luKasxuFEqbqkagEe00q",
      "groupName": "Weekend Expenses",
      "groupDescription": "This group manages miscellaneous expenses on weekend",
      "currency": "USD",
      "groupAdmin": {
        "3qOzMCDPq6d6VTfzMv7HkKm8ifo2": []
      },
      "groupMembers": {
        "KppGjUJPjdXq3bAJ2HneiL3Her23": [],
        "81AcdqBlwiXemmLkBZqmTjDYsYk1": []
      }
    }
  }
}