{
  "expenses": {
    "sYOb8HISfISexUjCXidG34nGzD72": {
      "id": "sYOb8HISfISexUjCXidG34nGzD72",
      "itemName": "Shopping",
      "expenseImageUrl": "https://avatars2.githubusercontent.com/u/1269832?v=4",
      "expenseDate": 1581237508306,
      "amountPaid": 300,
      "currency": "INR",
      "groupId": "ML5KeWuu4V8AVjSFd1TQ",
      "expenseOwner": "KppGjUJPjdXq3bAJ2HneiL3Her23",
      "expenseSharedBy": {
        "3qOzMCDPq6d6VTfzMv7HkKm8ifo2": 100,
        "0IkpreLTzQR8b5oXMgR1SV2EvWr2": 140,
        "KppGjUJPjdXq3bAJ2HneiL3Her23": 60
      }
    },
    "t8uXnaF6APN2YELkmWMyHgufK8s1": {
      "id": "t8uXnaF6APN2YELkmWMyHgufK8s1",
      "itemName": "Deep To Goa",
      "expenseImageUrl": "https://avatars0.githubusercontent.com/u/813492?v=4",
      "expenseDate": 1581238639303,
      "amountPaid": 150,
      "currency": "USD",
      "groupId": "luKasxuFEqbqkagEe00q",
      "expenseOwner": "3qOzMCDPq6d6VTfzMv7HkKm8ifo2",
      "expenseSharedBy": {
        "3qOzMCDPq6d6VTfzMv7HkKm8ifo2": 50,
        "KppGjUJPjdXq3bAJ2HneiL3Her23": 50,
        "81AcdqBlwiXemmLkBZqmTjDYsYk1": 50
      }
    },
    "oluXnaF6APN2YELkmWMyHgufK8s1": {
      "id": "oluXnaF6APN2YELkmWMyHgufK8s1",
      "itemName": "Dinner in Dine10",
      "expenseImageUrl": "https://avatars0.githubusercontent.com/u/813492?v=4",
      "expenseDate": 1581238639303,
      "amountPaid": 150,
      "currency": "USD",
      "groupId": "pruKasxuFEqbqkagEe00q",
      "expenseOwner": "81AcdqBlwiXemmLkBZqmTjDYsYk1",
      "expenseSharedBy": {
        "3qOzMCDPq6d6VTfzMv7HkKm8ifo2": 50,
        "KppGjUJPjdXq3bAJ2HneiL3Her23": 50,
        "81AcdqBlwiXemmLkBZqmTjDYsYk1": 50
      }
    }
  }
}