{
  "users": {
    "0IkpreLTzQR8b5oXMgR1SV2EvWr2": {
      "id": "0IkpreLTzQR8b5oXMgR1SV2EvWr2",
      "email": "dungnq@itbox4vn.com",
      "country_code": "+91",
      "country": "India",
      "name": "TestUser1",
      "phone": "12344556",
      "avatar_url": "https://avatars0.githubusercontent.com/u/1000778?v=4",
      "groups": [
        "ML5KeWuu4V8AVjSFd1TQ"
      ]
    },
    "3qOzMCDPq6d6VTfzMv7HkKm8ifo2": {
      "id": "3qOzMCDPq6d6VTfzMv7HkKm8ifo2",
      "email": "test@dalenguyen.me",
      "country_code": "+91",
      "country": "India",
      "name": "TestUser2",
      "phone": "12344596",
      "avatar_url": "https://avatars0.githubusercontent.com/u/813492?v=4",
      "groups": [
        "ML5KeWuu4V8AVjSFd1TQ",
        "luKasxuFEqbqkagEe00q",
        "pruKasxuFEqbqkagEe00q"
      ]
    },
    "KppGjUJPjdXq3bAJ2HneiL3Her23": {
      "id": "KppGjUJPjdXq3bAJ2HneiL3Her23",
      "email": "testuser@guyen.me",
      "country_code": "+91",
      "country": "India",
      "name": "TestUser3",
      "phone": "12340596",
      "avatar_url": "",
      "groups": [
        "ML5KeWuu4V8AVjSFd1TQ",
        "luKasxuFEqbqkagEe00q"
      ]
    },
    "81AcdqBlwiXemmLkBZqmTjDYsYk1": {
      "id": "81AcdqBlwiXemmLkBZqmTjDYsYk1",
      "email": "test43@dalenguyen.me",
      "country_code": "+91",
      "country": "India",
      "name": "TestUser4",
      "phone": "12342596",
      "avatar_url": "",
      "groups": [
        "ML5KeWuu4V8AVjSFd1TQ",
        "luKasxuFEqbqkagEe00q"
      ]
    },
    "4Wk4PWF4Q4hq5GLJhpgVi2eY23i1": {
      "id": "4Wk4PWF4Q4hq5GLJhpgVi2eY23i1",
      "email": "test091@dalenguyen.me",
      "country_code": "+91",
      "country": "India",
      "name": "TestUser5",
      "phone": "123415396",
      "avatar_url": "",
      "groups": []
    },
    "9Wk1PWF4Q4hq5GLJhpgVi2eY11io": {
      "id": "9Wk1PWF4Q4hq5GLJhpgVi2eY11io",
      "email": "test091@dalenguyen.me",
      "country_code": "+91",
      "country": "India",
      "name": "TestUser6",
      "phone": "1234151196",
      "avatar_url": "",
      "groups": []
    }
  }
}