{
  "groups": {
    "ML5KeWuu4V8AVjSFd1TQ": {
      "id": "ML5KeWuu4V8AVjSFd1TQ",
      "groupName": "Trip to Goa",
      "groupDescription": "This group manages expenses for Goa Trip",
      "currency": "INR",
      "groupAdmin": {
        "0IkpreLTzQR8b5oXMgR1SV2EvWr2": {
          "amount": -140,
          "expenses": []
        }
      },
      "groupMembers": {
        "3qOzMCDPq6d6VTfzMv7HkKm8ifo2": {
          "amount": -100,
          "expenses": []
        },
        "KppGjUJPjdXq3bAJ2HneiL3Her23": {
          "amount": 240,
          "expenses": [
            "sYOb8HISfISexUjCXidG34nGzD72"
          ]
        },
        "81AcdqBlwiXemmLkBZqmTjDYsYk1": {
          "amount": 0,
          "expenses": []
        }
      }
    },
    "luKasxuFEqbqkagEe00q": {
      "id": "luKasxuFEqbqkagEe00q",
      "groupName": "Weekend Expenses",
      "groupDescription": "This group manages miscellaneous expenses on weekend",
      "currency": "USD",
      "groupAdmin": {
        "3qOzMCDPq6d6VTfzMv7HkKm8ifo2": {
          "amount": 100,
          "expenses": [
            "t8uXnaF6APN2YELkmWMyHgufK8s1"
          ]
        }
      },
      "groupMembers": {
        "KppGjUJPjdXq3bAJ2HneiL3Her23": {
          "amount": -50,
          "expenses": []
        },
        "81AcdqBlwiXemmLkBZqmTjDYsYk1": {
          "amount": -50,
          "expenses": []
        }
      }
    }
  },
  "pruKasxuFEqbqkagEe00q": {
    "id": "pruKasxuFEqbqkagEe00q",
    "groupName": "Saturday-Sunday Dinner",
    "groupDescription": "This group manages dinner expenses on Sat-Sun",
    "currency": "USD",
    "groupAdmin": {
      "81AcdqBlwiXemmLkBZqmTjDYsYk1": {
        "amount": 100,
        "expenses": [
          "oluXnaF6APN2YELkmWMyHgufK8s1"
        ]
      }
    },
    "groupMembers": {
      "KppGjUJPjdXq3bAJ2HneiL3Her23": {
        "amount": -50,
        "expenses": []
      },
      "3qOzMCDPq6d6VTfzMv7HkKm8ifo2": {
        "amount": -50,
        "expenses": []
      }
    }
  }
}
