{
  "id": 7508411,
  "name": "RxJava",
  "full_name": "ReactiveX/RxJava",
  "owner": {
    "login": "ReactiveX",
    "id": 6407041,
    "avatar_url": "https://avatars1.githubusercontent.com/u/6407041?v=4",
    "gravatar_id": "",
    "url": "https://api.github.com/users/ReactiveX",
    "html_url": "https://github.com/ReactiveX",
    "followers_url": "https://api.github.com/users/ReactiveX/followers",
    "following_url": "https://api.github.com/users/ReactiveX/following{/other_user}",
    "gists_url": "https://api.github.com/users/ReactiveX/gists{/gist_id}",
    "starred_url": "https://api.github.com/users/ReactiveX/starred{/owner}{/repo}",
    "subscriptions_url": "https://api.github.com/users/ReactiveX/subscriptions",
    "organizations_url": "https://api.github.com/users/ReactiveX/orgs",
    "repos_url": "https://api.github.com/users/ReactiveX/repos",
    "events_url": "https://api.github.com/users/ReactiveX/events{/privacy}",
    "received_events_url": "https://api.github.com/users/ReactiveX/received_events",
    "type": "Organization",
    "site_admin": false
  },
  "private": false,
  "html_url": "https://github.com/ReactiveX/RxJava",
  "description": "RxJava – Reactive Extensions for the JVM – a library for composing asynchronous and event-based programs using observable sequences for the Java VM.",
  "fork": false,
  "url": "https://api.github.com/repos/ReactiveX/RxJava",
  "forks_url": "https://api.github.com/repos/ReactiveX/RxJava/forks",
  "keys_url": "https://api.github.com/repos/ReactiveX/RxJava/keys{/key_id}",
  "collaborators_url": "https://api.github.com/repos/ReactiveX/RxJava/collaborators{/collaborator}",
  "teams_url": "https://api.github.com/repos/ReactiveX/RxJava/teams",
  "hooks_url": "https://api.github.com/repos/ReactiveX/RxJava/hooks",
  "issue_events_url": "https://api.github.com/repos/ReactiveX/RxJava/issues/events{/number}",
  "events_url": "https://api.github.com/repos/ReactiveX/RxJava/events",
  "assignees_url": "https://api.github.com/repos/ReactiveX/RxJava/assignees{/user}",
  "branches_url": "https://api.github.com/repos/ReactiveX/RxJava/branches{/branch}",
  "tags_url": "https://api.github.com/repos/ReactiveX/RxJava/tags",
  "blobs_url": "https://api.github.com/repos/ReactiveX/RxJava/git/blobs{/sha}",
  "git_tags_url": "https://api.github.com/repos/ReactiveX/RxJava/git/tags{/sha}",
  "git_refs_url": "https://api.github.com/repos/ReactiveX/RxJava/git/refs{/sha}",
  "trees_url": "https://api.github.com/repos/ReactiveX/RxJava/git/trees{/sha}",
  "statuses_url": "https://api.github.com/repos/ReactiveX/RxJava/statuses/{sha}",
  "languages_url": "https://api.github.com/repos/ReactiveX/RxJava/languages",
  "stargazers_url": "https://api.github.com/repos/ReactiveX/RxJava/stargazers",
  "contributors_url": "https://api.github.com/repos/ReactiveX/RxJava/contributors",
  "subscribers_url": "https://api.github.com/repos/ReactiveX/RxJava/subscribers",
  "subscription_url": "https://api.github.com/repos/ReactiveX/RxJava/subscription",
  "commits_url": "https://api.github.com/repos/ReactiveX/RxJava/commits{/sha}",
  "git_commits_url": "https://api.github.com/repos/ReactiveX/RxJava/git/commits{/sha}",
  "comments_url": "https://api.github.com/repos/ReactiveX/RxJava/comments{/number}",
  "issue_comment_url": "https://api.github.com/repos/ReactiveX/RxJava/issues/comments{/number}",
  "contents_url": "https://api.github.com/repos/ReactiveX/RxJava/contents/{+path}",
  "compare_url": "https://api.github.com/repos/ReactiveX/RxJava/compare/{base}...{head}",
  "merges_url": "https://api.github.com/repos/ReactiveX/RxJava/merges",
  "archive_url": "https://api.github.com/repos/ReactiveX/RxJava/{archive_format}{/ref}",
  "downloads_url": "https://api.github.com/repos/ReactiveX/RxJava/downloads",
  "issues_url": "https://api.github.com/repos/ReactiveX/RxJava/issues{/number}",
  "pulls_url": "https://api.github.com/repos/ReactiveX/RxJava/pulls{/number}",
  "milestones_url": "https://api.github.com/repos/ReactiveX/RxJava/milestones{/number}",
  "notifications_url": "https://api.github.com/repos/ReactiveX/RxJava/notifications{?since,all,participating}",
  "labels_url": "https://api.github.com/repos/ReactiveX/RxJava/labels{/name}",
  "releases_url": "https://api.github.com/repos/ReactiveX/RxJava/releases{/id}",
  "deployments_url": "https://api.github.com/repos/ReactiveX/RxJava/deployments",
  "created_at": "2013-01-08T20:11:48Z",
  "updated_at": "2017-10-06T04:05:58Z",
  "pushed_at": "2017-10-05T22:04:15Z",
  "git_url": "git://github.com/ReactiveX/RxJava.git",
  "ssh_url": "git@github.com:ReactiveX/RxJava.git",
  "clone_url": "https://github.com/ReactiveX/RxJava.git",
  "svn_url": "https://github.com/ReactiveX/RxJava",
  "homepage": "",
  "size": 44072,
  "stargazers_count": 27711,
  "watchers_count": 27711,
  "language": "Java",
  "has_issues": true,
  "has_projects": true,
  "has_downloads": true,
  "has_wiki": true,
  "has_pages": true,
  "forks_count": 4873,
  "mirror_url": null,
  "open_issues_count": 39,
  "forks": 4873,
  "open_issues": 39,
  "watchers": 27711,
  "default_branch": "2.x",
  "score": 1
}