{
  "groups": {
    "ML5KeWuu4V8AVjSFd1TQ": {
      "groupName": "Trip to Goa",
      "groupDescription": "This group manages expenses for Goa Trip",
      "currency": "INR",
      "groupAdmin": {
        "0IkpreLTzQR8b5oXMgR1SV2EvWr2": []
      },
      "groupMembers": {
        "3qOzMCDPq6d6VTfzMv7HkKm8ifo2": [],
        "KppGjUJPjdXq3bAJ2HneiL3Her23": [
          "sYOb8HISfISexUjCXidG34nGzD72"
        ],
        "81AcdqBlwiXemmLkBZqmTjDYsYk1": []
      }
    },
    "luKasxuFEqbqkagEe00q": {
      "group_name": "Weekend Expenses",
      "description": "This group manages miscellaneous expenses on weekend",
      "currency": "USD",
      "admin": {
        "3qOzMCDPq6d6VTfzMv7HkKm8ifo2": [
          "t8uXnaF6APN2YELkmWMyHgufK8s1"
        ]
      },
      "members": [
        "KppGjUJPjdXq3bAJ2HneiL3Her23",
        "81AcdqBlwiXemmLkBZqmTjDYsYk1"
      ]
    }
  }
}