{
  "transactions": {
    "pI4exUjCXidG34nGzD72": {
      "id": "pI4exUjCXidG34nGzD72",
      "paymentDate": 1581237508306,
      "amount": 100,
      "currencySymbol": "₹",
      "groupId": "ML5KeWuu4V8AVjSFd1TQ",
      "paidBy": "KppGjUJPjdXq3bAJ2HneiL3Her23",
      "paidTo": "81AcdqBlwiXemmLkBZqmTjDYsYk1"
    },
    "er34ty2oi0kmWMyHgufK8s1": {
      "id": "er34ty2oi0kmWMyHgufK8s1",
      "paymentDate": 1581237508306,
      "amount": 30,
      "currencySymbol": "₹",
      "groupId": "ML5KeWuu4V8AVjSFd1TQ",
      "paidBy": "3qOzMCDPq6d6VTfzMv7HkKm8ifo2",
      "paidTo": "KppGjUJPjdXq3bAJ2HneiL3Her23"
    },
    "np1uw2YELkmWMyHgufK8s1": {
      "id": "np1uw2YELkmWMyHgufK8s1",
      "paymentDate": 1581237528316,
      "amount": 50,
      "currencySymbol": "₹",
      "groupId": "pruKasxuFEqbqkagEe00q",
      "paidBy": "3qOzMCDPq6d6VTfzMv7HkKm8ifo2",
      "paidTo": "81AcdqBlwiXemmLkBZqmTjDYsYk1"
    }
  }
}