{"v":"5.4.4","fr":30,"ip":0,"op":114,"w":500,"h":500,"nm":"lock","ddd":1,"assets":[],"layers":[{"ddd":0,"ind":1,"ty":3,"nm":"Adjustment Layer 1","sr":1,"ks":{"o":{"a":0,"k":100,"ix":11},"r":{"a":0,"k":0,"ix":10},"p":{"s":true,"x":{"a":1,"k":[{"i":{"x":[0.833],"y":[1]},"o":{"x":[0.06],"y":[0]},"t":66,"s":[250],"e":[250]},{"i":{"x":[0.95],"y":[1]},"o":{"x":[0.167],"y":[0]},"t":71,"s":[250],"e":[250]},{"t":77.0000031362743}],"ix":3},"y":{"a":1,"k":[{"i":{"x":[0.685],"y":[0.994]},"o":{"x":[0.499],"y":[-0.005]},"t":66,"s":[250],"e":[220]},{"i":{"x":[0.95],"y":[0.67]},"o":{"x":[0.723],"y":[-0.006]},"t":71,"s":[220],"e":[250]},{"t":77.0000031362743}],"ix":4}},"a":{"a":0,"k":[250,250,0],"ix":1},"s":{"a":0,"k":[100,100,100],"ix":6}},"ao":0,"ip":0,"op":900.000036657751,"st":0,"bm":0},{"ddd":0,"ind":2,"ty":4,"nm":"Layer 4 Outlines","parent":1,"sr":1,"ks":{"o":{"a":0,"k":100,"ix":11},"r":{"a":0,"k":0,"ix":10},"p":{"s":true,"x":{"a":1,"k":[{"i":{"x":[0.9],"y":[1]},"o":{"x":[0.1],"y":[0]},"t":60,"s":[248.809],"e":[248.809]},{"i":{"x":[0.833],"y":[0.833]},"o":{"x":[0.167],"y":[0.167]},"t":63,"s":[248.809],"e":[248.809]},{"i":{"x":[0.909],"y":[1]},"o":{"x":[0.091],"y":[0]},"t":66.275,"s":[248.809],"e":[248.809]},{"t":69.5850028342551}],"ix":3},"y":{"a":1,"k":[{"i":{"x":[0.9],"y":[0.006]},"o":{"x":[0.385],"y":[0.017]},"t":60,"s":[271.662],"e":[241.162]},{"i":{"x":[0.908],"y":[-105557.652]},"o":{"x":[0.171],"y":[-225995.866]},"t":63,"s":[241.162],"e":[241.162]},{"i":{"x":[0.82],"y":[-0.05]},"o":{"x":[0.091],"y":[0.008]},"t":65,"s":[241.162],"e":[271.662]},{"t":69.5850028342551}],"ix":4}},"a":{"a":0,"k":[19.773,0.25,0],"ix":1},"s":{"a":1,"k":[{"i":{"x":[0.667,0.14,0.667],"y":[1,0.996,1]},"o":{"x":[0.8,0.8,0.333],"y":[0,0,0]},"t":63,"s":[120,120,100],"e":[120,80,100]},{"i":{"x":[0.667,0.667,0.667],"y":[1,1,1]},"o":{"x":[0.333,1,0.333],"y":[0,-0.007,0]},"t":66.275,"s":[120,80,100],"e":[120,120,100]},{"t":69.5850028342551}],"ix":6}},"ao":0,"shapes":[{"ty":"gr","it":[{"ind":0,"ty":"sh","ix":1,"ks":{"a":0,"k":{"i":[[0,7.812],[10.782,0],[0,-10.783],[-6.628,-3.122],[0,0],[-4.564,0],[0,4.564],[0,0]],"o":[[0,-10.783],[-10.783,0],[0,7.812],[0,0],[0,4.564],[4.563,0],[0,0],[6.627,-3.122]],"v":[[19.524,-10.738],[0.001,-30.262],[-19.524,-10.738],[-8.298,6.915],[-8.298,21.964],[0.001,30.262],[8.298,21.964],[8.298,6.915]],"c":true},"ix":2},"nm":"Path 1","mn":"ADBE Vector Shape - Group","hd":false},{"ty":"fl","c":{"a":0,"k":[1,1,1,1],"ix":4},"o":{"a":0,"k":100,"ix":5},"r":1,"bm":0,"nm":"Fill 1","mn":"ADBE Vector Graphic - Fill","hd":false},{"ty":"tr","p":{"a":0,"k":[19.774,30.512],"ix":2},"a":{"a":0,"k":[0,0],"ix":1},"s":{"a":0,"k":[100,100],"ix":3},"r":{"a":0,"k":0,"ix":6},"o":{"a":0,"k":100,"ix":7},"sk":{"a":0,"k":0,"ix":4},"sa":{"a":0,"k":0,"ix":5},"nm":"Transform"}],"nm":"Group 1","np":2,"cix":2,"bm":0,"ix":1,"mn":"ADBE Vector Group","hd":false}],"ip":0,"op":900.000036657751,"st":0,"bm":0},{"ddd":0,"ind":3,"ty":4,"nm":"1","parent":1,"sr":1,"ks":{"o":{"a":0,"k":100,"ix":11},"r":{"a":0,"k":0,"ix":10},"p":{"s":true,"x":{"a":1,"k":[{"i":{"x":[0.667],"y":[1]},"o":{"x":[0.333],"y":[0]},"t":0,"s":[209.5],"e":[209.5]},{"i":{"x":[0.667],"y":[1]},"o":{"x":[0.333],"y":[0]},"t":3.184,"s":[209.5],"e":[209.5]},{"t":6.36750025935359}],"ix":3},"y":{"a":1,"k":[{"i":{"x":[0.667],"y":[1]},"o":{"x":[0.333],"y":[0]},"t":0,"s":[221],"e":[216]},{"i":{"x":[0.667],"y":[1]},"o":{"x":[0.333],"y":[0]},"t":3.184,"s":[216],"e":[221]},{"i":{"x":[0.667],"y":[1]},"o":{"x":[0.333],"y":[0]},"t":6.368,"s":[221],"e":[221]},{"i":{"x":[0.667],"y":[1]},"o":{"x":[0.333],"y":[0]},"t":20.694,"s":[221],"e":[216]},{"i":{"x":[0.667],"y":[1]},"o":{"x":[0.333],"y":[0]},"t":23.878,"s":[216],"e":[221]},{"i":{"x":[0.667],"y":[1]},"o":{"x":[0.333],"y":[0]},"t":27.061,"s":[221],"e":[221]},{"i":{"x":[0.667],"y":[1]},"o":{"x":[0.333],"y":[0]},"t":43.775,"s":[221],"e":[216]},{"i":{"x":[0.667],"y":[1]},"o":{"x":[0.333],"y":[0]},"t":46.959,"s":[216],"e":[221]},{"t":50.1425020423459}],"ix":4}},"a":{"a":0,"k":[11.05,11.05,0],"ix":1},"s":{"a":0,"k":[100,100,100],"ix":6}},"ao":0,"shapes":[{"ty":"gr","it":[{"ind":0,"ty":"sh","ix":1,"ks":{"a":0,"k":{"i":[[0,-5.965],[5.965,0],[0,5.965],[-5.965,0]],"o":[[0,5.965],[-5.965,0],[0,-5.965],[5.965,0]],"v":[[10.8,0],[0,10.8],[-10.8,0],[0,-10.8]],"c":true},"ix":2},"nm":"Path 1","mn":"ADBE Vector Shape - Group","hd":false},{"ty":"fl","c":{"a":0,"k":[0.070311422909,0.080315885357,0.141176470588,1],"ix":4},"o":{"a":0,"k":100,"ix":5},"r":1,"bm":0,"nm":"Fill 1","mn":"ADBE Vector Graphic - Fill","hd":false},{"ty":"tr","p":{"a":0,"k":[11.05,11.05],"ix":2},"a":{"a":0,"k":[0,0],"ix":1},"s":{"a":0,"k":[100,100],"ix":3},"r":{"a":0,"k":0,"ix":6},"o":{"a":0,"k":100,"ix":7},"sk":{"a":0,"k":0,"ix":4},"sa":{"a":0,"k":0,"ix":5},"nm":"Transform"}],"nm":"Group 1","np":2,"cix":2,"bm":0,"ix":1,"mn":"ADBE Vector Group","hd":false}],"ip":0,"op":900.000036657751,"st":0,"bm":0},{"ddd":0,"ind":4,"ty":4,"nm":"2","parent":1,"sr":1,"ks":{"o":{"a":0,"k":100,"ix":11},"r":{"a":0,"k":0,"ix":10},"p":{"a":1,"k":[{"i":{"x":0.667,"y":1},"o":{"x":0.333,"y":0},"t":4.775,"s":[250,221,0],"e":[250,216,0],"to":[0,-0.833,0],"ti":[0,0,0]},{"i":{"x":0.667,"y":1},"o":{"x":0.333,"y":0},"t":8.755,"s":[250,216,0],"e":[250,221,0],"to":[0,0,0],"ti":[0,-0.833,0]},{"i":{"x":0.667,"y":0.667},"o":{"x":0.333,"y":0.333},"t":11.939,"s":[250,221,0],"e":[250,221,0],"to":[0,0,0],"ti":[0,0,0]},{"i":{"x":0.667,"y":1},"o":{"x":0.333,"y":0},"t":25.47,"s":[250,221,0],"e":[250,216,0],"to":[0,-0.833,0],"ti":[0,0,0]},{"i":{"x":0.667,"y":1},"o":{"x":0.333,"y":0},"t":28.653,"s":[250,216,0],"e":[250,221,0],"to":[0,0,0],"ti":[0,-0.833,0]},{"i":{"x":0.667,"y":0.667},"o":{"x":0.333,"y":0.333},"t":31.836,"s":[250,221,0],"e":[250,221,0],"to":[0,0,0],"ti":[0,0,0]},{"i":{"x":0.667,"y":1},"o":{"x":0.333,"y":0},"t":48.551,"s":[250,221,0],"e":[250,216,0],"to":[0,-0.833,0],"ti":[0,0,0]},{"i":{"x":0.667,"y":1},"o":{"x":0.333,"y":0},"t":51.735,"s":[250,216,0],"e":[250,221,0],"to":[0,0,0],"ti":[0,-0.833,0]},{"t":54.9187522368865}],"ix":2},"a":{"a":0,"k":[11.05,11.05,0],"ix":1},"s":{"a":0,"k":[100,100,100],"ix":6}},"ao":0,"shapes":[{"ty":"gr","it":[{"ind":0,"ty":"sh","ix":1,"ks":{"a":0,"k":{"i":[[0,-5.965],[5.965,0],[0,5.965],[-5.965,0]],"o":[[0,5.965],[-5.965,0],[0,-5.965],[5.965,0]],"v":[[10.8,0],[0,10.8],[-10.8,0],[0,-10.8]],"c":true},"ix":2},"nm":"Path 1","mn":"ADBE Vector Shape - Group","hd":false},{"ty":"fl","c":{"a":0,"k":[0.070311422909,0.080315885357,0.141176470588,1],"ix":4},"o":{"a":0,"k":100,"ix":5},"r":1,"bm":0,"nm":"Fill 1","mn":"ADBE Vector Graphic - Fill","hd":false},{"ty":"tr","p":{"a":0,"k":[11.05,11.05],"ix":2},"a":{"a":0,"k":[0,0],"ix":1},"s":{"a":0,"k":[100,100],"ix":3},"r":{"a":0,"k":0,"ix":6},"o":{"a":0,"k":100,"ix":7},"sk":{"a":0,"k":0,"ix":4},"sa":{"a":0,"k":0,"ix":5},"nm":"Transform"}],"nm":"Group 1","np":2,"cix":2,"bm":0,"ix":1,"mn":"ADBE Vector Group","hd":false}],"ip":0,"op":900.000036657751,"st":0,"bm":0},{"ddd":0,"ind":5,"ty":4,"nm":"3","parent":1,"sr":1,"ks":{"o":{"a":0,"k":100,"ix":11},"r":{"a":0,"k":0,"ix":10},"p":{"a":1,"k":[{"i":{"x":0.667,"y":1},"o":{"x":0.333,"y":0},"t":9.551,"s":[290.5,221,0],"e":[290.5,216,0],"to":[0,-0.833,0],"ti":[0,0,0]},{"i":{"x":0.667,"y":1},"o":{"x":0.333,"y":0},"t":12.735,"s":[290.5,216,0],"e":[290.5,221,0],"to":[0,0,0],"ti":[0,-0.833,0]},{"i":{"x":0.667,"y":0.667},"o":{"x":0.333,"y":0.333},"t":15.919,"s":[290.5,221,0],"e":[290.5,221,0],"to":[0,0,0],"ti":[0,0,0]},{"i":{"x":0.667,"y":1},"o":{"x":0.333,"y":0},"t":29.449,"s":[290.5,221,0],"e":[290.5,216,0],"to":[0,-0.833,0],"ti":[0,0,0]},{"i":{"x":0.667,"y":1},"o":{"x":0.333,"y":0},"t":32.633,"s":[290.5,216,0],"e":[290.5,221,0],"to":[0,0,0],"ti":[0,-0.833,0]},{"i":{"x":0.667,"y":0.667},"o":{"x":0.333,"y":0.333},"t":35.816,"s":[290.5,221,0],"e":[290.5,221,0],"to":[0,0,0],"ti":[0,0,0]},{"i":{"x":0.667,"y":1},"o":{"x":0.333,"y":0},"t":52.53,"s":[290.5,221,0],"e":[290.5,216,0],"to":[0,-0.833,0],"ti":[0,0,0]},{"i":{"x":0.667,"y":1},"o":{"x":0.333,"y":0},"t":55.714,"s":[290.5,216,0],"e":[290.5,221,0],"to":[0,0,0],"ti":[0,-0.833,0]},{"t":58.8975023989444}],"ix":2},"a":{"a":0,"k":[11.05,11.05,0],"ix":1},"s":{"a":0,"k":[100,100,100],"ix":6}},"ao":0,"shapes":[{"ty":"gr","it":[{"ind":0,"ty":"sh","ix":1,"ks":{"a":0,"k":{"i":[[0,-5.965],[5.965,0],[0,5.965],[-5.965,0]],"o":[[0,5.965],[-5.965,0],[0,-5.965],[5.965,0]],"v":[[10.8,0],[0,10.8],[-10.8,0],[0,-10.8]],"c":true},"ix":2},"nm":"Path 1","mn":"ADBE Vector Shape - Group","hd":false},{"ty":"fl","c":{"a":0,"k":[0.070311422909,0.080315885357,0.141176470588,1],"ix":4},"o":{"a":0,"k":100,"ix":5},"r":1,"bm":0,"nm":"Fill 1","mn":"ADBE Vector Graphic - Fill","hd":false},{"ty":"tr","p":{"a":0,"k":[11.05,11.05],"ix":2},"a":{"a":0,"k":[0,0],"ix":1},"s":{"a":0,"k":[100,100],"ix":3},"r":{"a":0,"k":0,"ix":6},"o":{"a":0,"k":100,"ix":7},"sk":{"a":0,"k":0,"ix":4},"sa":{"a":0,"k":0,"ix":5},"nm":"Transform"}],"nm":"Group 1","np":2,"cix":2,"bm":0,"ix":1,"mn":"ADBE Vector Group","hd":false}],"ip":0,"op":900.000036657751,"st":0,"bm":0},{"ddd":0,"ind":6,"ty":4,"nm":"outline","parent":1,"sr":1,"ks":{"o":{"a":0,"k":100,"ix":11},"r":{"a":0,"k":0,"ix":10},"p":{"a":0,"k":[248.809,288.334,0],"ix":2},"a":{"a":0,"k":[103.239,95.916,0],"ix":1},"s":{"a":0,"k":[100,100,100],"ix":6}},"ao":0,"shapes":[{"ty":"gr","it":[{"ind":0,"ty":"sh","ix":1,"ks":{"a":0,"k":{"i":[[16.223,0],[0,0],[0,16.224],[0,0],[-16.223,0],[0,0],[0,-16.224],[0,0]],"o":[[0,0],[-16.223,0],[0,0],[0,-16.224],[0,0],[16.223,0],[0,0],[0,16.224]],"v":[[73.614,95.666],[-73.614,95.666],[-102.989,66.291],[-102.989,-66.291],[-73.614,-95.666],[73.614,-95.666],[102.989,-66.291],[102.989,66.291]],"c":true},"ix":2},"nm":"Path 1","mn":"ADBE Vector Shape - Group","hd":false},{"ty":"tr","p":{"a":0,"k":[103.239,95.917],"ix":2},"a":{"a":0,"k":[0,0],"ix":1},"s":{"a":0,"k":[100,100],"ix":3},"r":{"a":0,"k":0,"ix":6},"o":{"a":0,"k":100,"ix":7},"sk":{"a":0,"k":0,"ix":4},"sa":{"a":0,"k":0,"ix":5},"nm":"Transform"}],"nm":"Group 1","np":1,"cix":2,"bm":0,"ix":1,"mn":"ADBE Vector Group","hd":false},{"ty":"st","c":{"a":0,"k":[0,0,0,1],"ix":3},"o":{"a":0,"k":100,"ix":4},"w":{"a":0,"k":12,"ix":5},"lc":1,"lj":1,"ml":4,"bm":0,"nm":"Stroke 1","mn":"ADBE Vector Graphic - Stroke","hd":false}],"ip":0,"op":900.000036657751,"st":0,"bm":0},{"ddd":0,"ind":7,"ty":4,"nm":"Layer 3 Outlines","parent":1,"sr":1,"ks":{"o":{"a":0,"k":100,"ix":11},"r":{"a":0,"k":0,"ix":10},"p":{"a":0,"k":[248.809,211.464,0],"ix":2},"a":{"a":0,"k":[103.239,29.048,0],"ix":1},"s":{"a":0,"k":[100,100,100],"ix":6}},"ao":0,"shapes":[{"ty":"gr","it":[{"ind":0,"ty":"sh","ix":1,"ks":{"a":1,"k":[{"i":{"x":0.667,"y":1},"o":{"x":0.8,"y":0},"t":66,"s":[{"i":[[0,0],[0,0],[15.837,0],[0,0],[0,-15.837],[0,0],[0,0]],"o":[[0,0],[0,-15.837],[0,0],[-15.837,0],[0,0],[0,0],[0,0]],"v":[[102.989,28.798],[102.989,-0.122],[74.312,-28.798],[-74.313,-28.798],[-102.989,-0.122],[-102.989,28.798],[-0.089,28.798]],"c":true}],"e":[{"i":[[0,0],[0,0],[15.837,0],[0,0],[0,-15.837],[0,0],[-69,-0.488]],"o":[[0,0],[0,-15.837],[0,0],[-15.837,0],[0,0],[0,0],[69,0.488]],"v":[[102.989,28.798],[102.989,-0.122],[74.312,-28.798],[-74.313,-28.798],[-102.989,-0.122],[-102.989,28.798],[0.691,21.048]],"c":true}]},{"i":{"x":0.667,"y":1},"o":{"x":0.333,"y":0},"t":70,"s":[{"i":[[0,0],[0,0],[15.837,0],[0,0],[0,-15.837],[0,0],[-69,-0.488]],"o":[[0,0],[0,-15.837],[0,0],[-15.837,0],[0,0],[0,0],[69,0.488]],"v":[[102.989,28.798],[102.989,-0.122],[74.312,-28.798],[-74.313,-28.798],[-102.989,-0.122],[-102.989,28.798],[0.691,21.048]],"c":true}],"e":[{"i":[[0,0],[0,0],[15.837,0],[0,0],[0,-15.837],[0,0],[-44,0.012]],"o":[[0,0],[0,-15.837],[0,0],[-15.837,0],[0,0],[0,0],[44,-0.012]],"v":[[102.989,28.798],[102.989,-0.122],[74.312,-28.798],[-74.313,-28.798],[-102.989,-0.122],[-102.989,28.798],[1.441,32.298]],"c":true}]},{"i":{"x":0.667,"y":1},"o":{"x":0.333,"y":0},"t":72.666,"s":[{"i":[[0,0],[0,0],[15.837,0],[0,0],[0,-15.837],[0,0],[-44,0.012]],"o":[[0,0],[0,-15.837],[0,0],[-15.837,0],[0,0],[0,0],[44,-0.012]],"v":[[102.989,28.798],[102.989,-0.122],[74.312,-28.798],[-74.313,-28.798],[-102.989,-0.122],[-102.989,28.798],[1.441,32.298]],"c":true}],"e":[{"i":[[0,0],[0,0],[15.837,0],[0,0],[0,-15.837],[0,0],[0,0]],"o":[[0,0],[0,-15.837],[0,0],[-15.837,0],[0,0],[0,0],[0,0]],"v":[[102.989,28.798],[102.989,-0.122],[74.312,-28.798],[-74.313,-28.798],[-102.989,-0.122],[-102.989,28.798],[-0.089,28.798]],"c":true}]},{"t":75.0000030548126}],"ix":2},"nm":"Path 1","mn":"ADBE Vector Shape - Group","hd":false},{"ty":"fl","c":{"a":0,"k":[0.8117647058823529,0.8470588235294118,0.8627450980392157,1],"ix":4},"o":{"a":0,"k":100,"ix":5},"r":1,"bm":0,"nm":"Fill 1","mn":"ADBE Vector Graphic - Fill","hd":false},{"ty":"tr","p":{"a":0,"k":[103.239,29.048],"ix":2},"a":{"a":0,"k":[0,0],"ix":1},"s":{"a":0,"k":[100,100],"ix":3},"r":{"a":0,"k":0,"ix":6},"o":{"a":0,"k":100,"ix":7},"sk":{"a":0,"k":0,"ix":4},"sa":{"a":0,"k":0,"ix":5},"nm":"Transform"}],"nm":"Group 1","np":2,"cix":2,"bm":0,"ix":1,"mn":"ADBE Vector Group","hd":false}],"ip":0,"op":900.000036657751,"st":0,"bm":0},{"ddd":0,"ind":8,"ty":4,"nm":"body","parent":1,"sr":1,"ks":{"o":{"a":0,"k":100,"ix":11},"r":{"a":0,"k":0,"ix":10},"p":{"a":0,"k":[248.809,278.334,0],"ix":2},"a":{"a":0,"k":[103.239,95.916,0],"ix":1},"s":{"a":0,"k":[100,100,100],"ix":6}},"ao":0,"shapes":[{"ty":"gr","it":[{"ind":0,"ty":"sh","ix":1,"ks":{"a":0,"k":{"i":[[16.223,0],[0,0],[0,16.224],[0,0],[-16.223,0],[0,0],[0,-16.224],[0,0]],"o":[[0,0],[-16.223,0],[0,0],[0,-16.224],[0,0],[16.223,0],[0,0],[0,16.224]],"v":[[73.614,95.666],[-73.614,95.666],[-102.989,66.291],[-102.989,-66.291],[-73.614,-95.666],[73.614,-95.666],[102.989,-66.291],[102.989,66.291]],"c":true},"ix":2},"nm":"Path 1","mn":"ADBE Vector Shape - Group","hd":false},{"ty":"fl","c":{"a":0,"k":[0.13725490196078433,0.6,0.30980392156862746,1],"ix":4},"o":{"a":0,"k":100,"ix":5},"r":1,"bm":0,"nm":"Fill 1","mn":"ADBE Vector Graphic - Fill","hd":false},{"ty":"tr","p":{"a":0,"k":[103.239,95.917],"ix":2},"a":{"a":0,"k":[0,0],"ix":1},"s":{"a":0,"k":[100,100],"ix":3},"r":{"a":0,"k":0,"ix":6},"o":{"a":0,"k":100,"ix":7},"sk":{"a":0,"k":0,"ix":4},"sa":{"a":0,"k":0,"ix":5},"nm":"Transform"}],"nm":"Group 1","np":2,"cix":2,"bm":0,"ix":1,"mn":"ADBE Vector Group","hd":false}],"ip":0,"op":900.000036657751,"st":0,"bm":0},{"ddd":1,"ind":9,"ty":4,"nm":"Layer 2 Outlines","parent":1,"sr":1,"ks":{"o":{"a":0,"k":100,"ix":11},"rx":{"a":0,"k":0,"ix":8},"ry":{"a":0,"k":0,"ix":9},"rz":{"a":0,"k":0,"ix":10},"or":{"a":0,"k":[0,0,0],"ix":7},"p":{"a":1,"k":[{"i":{"x":0.1,"y":1},"o":{"x":0.6,"y":0},"t":65,"s":[196.81,278.762,0],"e":[196.81,228.762,0],"to":[0,-8.333,0],"ti":[0,3.333,0]},{"i":{"x":0.1,"y":1},"o":{"x":0.3,"y":0},"t":72,"s":[196.81,228.762,0],"e":[196.81,258.762,0],"to":[0,-3.333,0],"ti":[0,-0.833,0]},{"i":{"x":0.1,"y":1},"o":{"x":0.3,"y":0},"t":77,"s":[196.81,258.762,0],"e":[196.81,233.762,0],"to":[0,0.833,0],"ti":[0,3.667,0]},{"i":{"x":0.1,"y":1},"o":{"x":0.3,"y":0},"t":82,"s":[196.81,233.762,0],"e":[196.81,236.762,0],"to":[0,-3.667,0],"ti":[0,-0.5,0]},{"t":86.0000035028518}],"ix":2},"a":{"a":0,"k":[15.167,183.773,0],"ix":1},"s":{"a":0,"k":[100,100,100],"ix":6}},"ao":0,"shapes":[{"ty":"gr","it":[{"ind":0,"ty":"sh","ix":1,"ks":{"a":0,"k":{"i":[[0,0],[0,0],[-20.185,0],[0,-20.185],[0,0],[0,0],[0,0],[35.853,0],[0,-35.852],[0,0]],"o":[[0,0],[0,-20.185],[20.186,0],[0,0],[0,0],[0,0],[0,-35.852],[-35.852,0],[0,0],[0,0]],"v":[[-36.607,91.761],[-36.607,-26.846],[-0.001,-63.452],[36.607,-26.846],[36.607,3.904],[64.917,3.904],[64.917,-26.846],[-0.001,-91.761],[-64.917,-26.846],[-64.917,91.761]],"c":true},"ix":2},"nm":"Path 1","mn":"ADBE Vector Shape - Group","hd":false},{"ty":"st","c":{"a":0,"k":[0,0,0,1],"ix":3},"o":{"a":0,"k":100,"ix":4},"w":{"a":0,"k":12,"ix":5},"lc":1,"lj":1,"ml":4,"bm":0,"nm":"Stroke 1","mn":"ADBE Vector Graphic - Stroke","hd":false},{"ty":"fl","c":{"a":0,"k":[0.8117647058823529,0.8470588235294118,0.8627450980392157,1],"ix":4},"o":{"a":0,"k":100,"ix":5},"r":1,"bm":0,"nm":"Fill 1","mn":"ADBE Vector Graphic - Fill","hd":false},{"ty":"tr","p":{"a":0,"k":[65.167,92.012],"ix":2},"a":{"a":0,"k":[0,0],"ix":1},"s":{"a":0,"k":[100,100],"ix":3},"r":{"a":0,"k":0,"ix":6},"o":{"a":0,"k":100,"ix":7},"sk":{"a":0,"k":0,"ix":4},"sa":{"a":0,"k":0,"ix":5},"nm":"Transform"}],"nm":"Group 1","np":3,"cix":2,"bm":0,"ix":1,"mn":"ADBE Vector Group","hd":false}],"ip":0,"op":900.000036657751,"st":0,"bm":0}],"markers":[]}