{"v":"5.1.6","fr":30,"ip":0,"op":71,"w":220,"h":220,"nm":"Comp 1","ddd":0,"assets":[{"id":"comp_0","layers":[{"ddd":0,"ind":1,"ty":4,"nm":"Shape Layer 1","sr":1,"ks":{"o":{"a":1,"k":[{"i":{"x":[0.833],"y":[0.833]},"o":{"x":[0.167],"y":[0.167]},"n":["0p833_0p833_0p167_0p167"],"t":0,"s":[0],"e":[100]},{"t":11}],"ix":11},"r":{"a":0,"k":0,"ix":10},"p":{"a":0,"k":[10,10,0],"ix":2},"a":{"a":0,"k":[6.787,-77.588,0],"ix":1},"s":{"a":1,"k":[{"i":{"x":[0.052,0.052,0.667],"y":[1.002,1.002,1]},"o":{"x":[0.372,0.372,0.333],"y":[0,0,0]},"n":["0p052_1p002_0p372_0","0p052_1p002_0p372_0","0p667_1_0p333_0"],"t":0,"s":[15,15,100],"e":[80,80,100]},{"t":11}],"ix":6}},"ao":0,"shapes":[{"ty":"gr","it":[{"d":1,"ty":"el","s":{"a":0,"k":[14,14],"ix":2},"p":{"a":0,"k":[0,0],"ix":3},"nm":"Ellipse Path 1","mn":"ADBE Vector Shape - Ellipse","hd":false},{"ty":"fl","c":{"a":0,"k":[0.13725490196078433,0.6,0.30980392156862746,1],"ix":4},"o":{"a":0,"k":100,"ix":5},"r":1,"nm":"Fill 1","mn":"ADBE Vector Graphic - Fill","hd":false},{"ty":"tr","p":{"a":0,"k":[6.787,-77.588],"ix":2},"a":{"a":0,"k":[0,0],"ix":1},"s":{"a":0,"k":[100,100],"ix":3},"r":{"a":0,"k":0,"ix":6},"o":{"a":0,"k":100,"ix":7},"sk":{"a":0,"k":0,"ix":4},"sa":{"a":0,"k":0,"ix":5},"nm":"Transform"}],"nm":"Ellipse 1","np":3,"cix":2,"ix":1,"mn":"ADBE Vector Group","hd":false}],"ip":0,"op":307,"st":0,"bm":0}]}],"layers":[{"ddd":0,"ind":1,"ty":0,"nm":"dot","refId":"comp_0","sr":1,"ks":{"o":{"a":1,"k":[{"i":{"x":[0.833],"y":[0.833]},"o":{"x":[0.167],"y":[0.167]},"n":["0p833_0p833_0p167_0p167"],"t":23,"s":[100],"e":[0]},{"t":31}],"ix":11},"r":{"a":0,"k":0,"ix":10},"p":{"a":1,"k":[{"i":{"x":0.667,"y":0.667},"o":{"x":0.167,"y":0.167},"n":"0p667_0p667_0p167_0p167","t":0,"s":[110.00000000000001,25,0],"e":[110,25,0],"to":[0,0,0],"ti":[0,0,0]},{"i":{"x":0.39,"y":1},"o":{"x":0.769,"y":0},"n":"0p39_1_0p769_0","t":18,"s":[110.00000000000001,25,0],"e":[110,110,0],"to":[0,14.1666669845581,0],"ti":[0,-14.1666669845581,0]},{"t":36}],"ix":2},"a":{"a":0,"k":[10,10,0],"ix":1},"s":{"a":1,"k":[{"i":{"x":[0.833,0.833,0.833],"y":[0.833,0.833,0.833]},"o":{"x":[0.167,0.167,0.167],"y":[0.167,0.167,0.167]},"n":["0p833_0p833_0p167_0p167","0p833_0p833_0p167_0p167","0p833_0p833_0p167_0p167"],"t":23,"s":[100,100,100],"e":[50,50,100]},{"t":31}],"ix":6}},"ao":0,"w":20,"h":20,"ip":0,"op":300,"st":0,"bm":0},{"ddd":0,"ind":2,"ty":0,"nm":"dot","refId":"comp_0","sr":1,"ks":{"o":{"a":1,"k":[{"i":{"x":[0.833],"y":[0.833]},"o":{"x":[0.167],"y":[0.167]},"n":["0p833_0p833_0p167_0p167"],"t":28,"s":[100],"e":[0]},{"t":36}],"ix":11},"r":{"a":0,"k":0,"ix":10},"p":{"a":1,"k":[{"i":{"x":0.38,"y":0.998},"o":{"x":0.772,"y":0},"n":"0p38_0p998_0p772_0","t":23,"s":[170,52,0],"e":[110,110,0],"to":[-10,9.66666698455811,0],"ti":[10,-9.66666698455811,0]},{"t":41}],"ix":2},"a":{"a":0,"k":[10,10,0],"ix":1},"s":{"a":1,"k":[{"i":{"x":[0.833,0.833,0.833],"y":[0.833,0.833,0.833]},"o":{"x":[0.167,0.167,0.167],"y":[0.167,0.167,0.167]},"n":["0p833_0p833_0p167_0p167","0p833_0p833_0p167_0p167","0p833_0p833_0p167_0p167"],"t":28,"s":[100,100,100],"e":[50,50,100]},{"t":36}],"ix":6}},"ao":0,"w":20,"h":20,"ip":3,"op":303,"st":3,"bm":0},{"ddd":0,"ind":3,"ty":0,"nm":"dot","refId":"comp_0","sr":1,"ks":{"o":{"a":1,"k":[{"i":{"x":[0.833],"y":[0.833]},"o":{"x":[0.167],"y":[0.167]},"n":["0p833_0p833_0p167_0p167"],"t":33,"s":[100],"e":[0]},{"t":41}],"ix":11},"r":{"a":0,"k":0,"ix":10},"p":{"a":1,"k":[{"i":{"x":0.387,"y":1},"o":{"x":0.76,"y":0},"n":"0p387_1_0p76_0","t":28,"s":[196.5,110.5,0],"e":[110,110,0],"to":[-14.4166669845581,-0.08333333581686,0],"ti":[14.4166669845581,0.08333333581686,0]},{"t":46}],"ix":2},"a":{"a":0,"k":[10,10,0],"ix":1},"s":{"a":1,"k":[{"i":{"x":[0.833,0.833,0.833],"y":[0.833,0.833,0.833]},"o":{"x":[0.167,0.167,0.167],"y":[0.167,0.167,0.167]},"n":["0p833_0p833_0p167_0p167","0p833_0p833_0p167_0p167","0p833_0p833_0p167_0p167"],"t":33,"s":[100,100,100],"e":[50,50,100]},{"t":41}],"ix":6}},"ao":0,"w":20,"h":20,"ip":6,"op":306,"st":6,"bm":0},{"ddd":0,"ind":4,"ty":0,"nm":"dot","refId":"comp_0","sr":1,"ks":{"o":{"a":1,"k":[{"i":{"x":[0.833],"y":[0.833]},"o":{"x":[0.167],"y":[0.167]},"n":["0p833_0p833_0p167_0p167"],"t":38,"s":[100],"e":[0]},{"t":46}],"ix":11},"r":{"a":0,"k":0,"ix":10},"p":{"a":1,"k":[{"i":{"x":0.384,"y":0.992},"o":{"x":0.76,"y":0},"n":"0p384_0p992_0p76_0","t":33,"s":[170,172,0],"e":[110,110,0],"to":[-10,-10.3333330154419,0],"ti":[10,10.3333330154419,0]},{"t":51}],"ix":2},"a":{"a":0,"k":[10,10,0],"ix":1},"s":{"a":1,"k":[{"i":{"x":[0.833,0.833,0.833],"y":[0.833,0.833,0.833]},"o":{"x":[0.167,0.167,0.167],"y":[0.167,0.167,0.167]},"n":["0p833_0p833_0p167_0p167","0p833_0p833_0p167_0p167","0p833_0p833_0p167_0p167"],"t":38,"s":[100,100,100],"e":[50,50,100]},{"t":46}],"ix":6}},"ao":0,"w":20,"h":20,"ip":9,"op":309,"st":9,"bm":0},{"ddd":0,"ind":5,"ty":0,"nm":"dot","refId":"comp_0","sr":1,"ks":{"o":{"a":1,"k":[{"i":{"x":[0.833],"y":[0.833]},"o":{"x":[0.167],"y":[0.167]},"n":["0p833_0p833_0p167_0p167"],"t":43,"s":[100],"e":[0]},{"t":51}],"ix":11},"r":{"a":0,"k":0,"ix":10},"p":{"a":1,"k":[{"i":{"x":0.389,"y":1},"o":{"x":0.755,"y":0},"n":"0p389_1_0p755_0","t":38,"s":[110.00000000000001,197.5,0],"e":[110,110,0],"to":[0,-14.5833330154419,0],"ti":[0,14.5833330154419,0]},{"t":56}],"ix":2},"a":{"a":0,"k":[10,10,0],"ix":1},"s":{"a":1,"k":[{"i":{"x":[0.833,0.833,0.833],"y":[0.833,0.833,0.833]},"o":{"x":[0.167,0.167,0.167],"y":[0.167,0.167,0.167]},"n":["0p833_0p833_0p167_0p167","0p833_0p833_0p167_0p167","0p833_0p833_0p167_0p167"],"t":43,"s":[100,100,100],"e":[50,50,100]},{"t":51}],"ix":6}},"ao":0,"w":20,"h":20,"ip":12,"op":312,"st":12,"bm":0},{"ddd":0,"ind":6,"ty":0,"nm":"dot","refId":"comp_0","sr":1,"ks":{"o":{"a":1,"k":[{"i":{"x":[0.833],"y":[0.833]},"o":{"x":[0.167],"y":[0.167]},"n":["0p833_0p833_0p167_0p167"],"t":48,"s":[100],"e":[0]},{"t":56}],"ix":11},"r":{"a":0,"k":0,"ix":10},"p":{"a":1,"k":[{"i":{"x":0.387,"y":1},"o":{"x":0.752,"y":0},"n":"0p387_1_0p752_0","t":43,"s":[48,172,0],"e":[110,110,0],"to":[10.3333330154419,-10.3333330154419,0],"ti":[-10.3333330154419,10.3333330154419,0]},{"t":61}],"ix":2},"a":{"a":0,"k":[10,10,0],"ix":1},"s":{"a":1,"k":[{"i":{"x":[0.833,0.833,0.833],"y":[0.833,0.833,0.833]},"o":{"x":[0.167,0.167,0.167],"y":[0.167,0.167,0.167]},"n":["0p833_0p833_0p167_0p167","0p833_0p833_0p167_0p167","0p833_0p833_0p167_0p167"],"t":48,"s":[100,100,100],"e":[50,50,100]},{"t":56}],"ix":6}},"ao":0,"w":20,"h":20,"ip":15,"op":315,"st":15,"bm":0},{"ddd":0,"ind":7,"ty":0,"nm":"dot","refId":"comp_0","sr":1,"ks":{"o":{"a":1,"k":[{"i":{"x":[0.833],"y":[0.833]},"o":{"x":[0.167],"y":[0.167]},"n":["0p833_0p833_0p167_0p167"],"t":53,"s":[100],"e":[0]},{"t":61}],"ix":11},"r":{"a":0,"k":0,"ix":10},"p":{"a":1,"k":[{"i":{"x":0.379,"y":1},"o":{"x":0.757,"y":0},"n":"0p379_1_0p757_0","t":48,"s":[24,110.5,0],"e":[110,110,0],"to":[14.3333330154419,-0.08333333581686,0],"ti":[-14.3333330154419,0.08333333581686,0]},{"t":66}],"ix":2},"a":{"a":0,"k":[10,10,0],"ix":1},"s":{"a":1,"k":[{"i":{"x":[0.833,0.833,0.833],"y":[0.833,0.833,0.833]},"o":{"x":[0.167,0.167,0.167],"y":[0.167,0.167,0.167]},"n":["0p833_0p833_0p167_0p167","0p833_0p833_0p167_0p167","0p833_0p833_0p167_0p167"],"t":53,"s":[100,100,100],"e":[50,50,100]},{"t":61}],"ix":6}},"ao":0,"w":20,"h":20,"ip":18,"op":318,"st":18,"bm":0},{"ddd":0,"ind":8,"ty":0,"nm":"dot","refId":"comp_0","sr":1,"ks":{"o":{"a":1,"k":[{"i":{"x":[0.833],"y":[0.833]},"o":{"x":[0.167],"y":[0.167]},"n":["0p833_0p833_0p167_0p167"],"t":58,"s":[100],"e":[0]},{"t":66}],"ix":11},"r":{"a":0,"k":0,"ix":10},"p":{"a":1,"k":[{"i":{"x":0.373,"y":1},"o":{"x":0.765,"y":0},"n":"0p373_1_0p765_0","t":53,"s":[48,52,0],"e":[110,110,0],"to":[10.3333330154419,9.66666698455811,0],"ti":[-10.3333330154419,-9.66666698455811,0]},{"t":71}],"ix":2},"a":{"a":0,"k":[10,10,0],"ix":1},"s":{"a":1,"k":[{"i":{"x":[0.833,0.833,0.833],"y":[0.833,0.833,0.833]},"o":{"x":[0.167,0.167,0.167],"y":[0.167,0.167,0.167]},"n":["0p833_0p833_0p167_0p167","0p833_0p833_0p167_0p167","0p833_0p833_0p167_0p167"],"t":58,"s":[100,100,100],"e":[50,50,100]},{"t":66}],"ix":6}},"ao":0,"w":20,"h":20,"ip":21,"op":321,"st":21,"bm":0},{"ddd":0,"ind":9,"ty":4,"nm":"middle","sr":1,"ks":{"o":{"a":0,"k":100,"ix":11},"r":{"a":0,"k":0,"ix":10},"p":{"a":0,"k":[110.00000000000001,110.00000000000001,0],"ix":2},"a":{"a":0,"k":[26.709,27.209,0],"ix":1},"s":{"a":1,"k":[{"i":{"x":[0.667,0.667,0.667],"y":[1,1,1]},"o":{"x":[0.333,0.333,0.333],"y":[0,0,0]},"n":["0p667_1_0p333_0","0p667_1_0p333_0","0p667_1_0p333_0"],"t":0,"s":[127,127,100],"e":[137,137,100]},{"i":{"x":[0.667,0.667,0.667],"y":[1,1,1]},"o":{"x":[0.333,0.333,0.333],"y":[0,0,0]},"n":["0p667_1_0p333_0","0p667_1_0p333_0","0p667_1_0p333_0"],"t":34,"s":[137,137,100],"e":[127,127,100]},{"t":71}],"ix":6}},"ao":0,"shapes":[{"ty":"gr","it":[{"d":1,"ty":"el","s":{"a":0,"k":[54,54],"ix":2},"p":{"a":0,"k":[0,0],"ix":3},"nm":"Ellipse Path 1","mn":"ADBE Vector Shape - Ellipse","hd":false},{"ty":"fl","c":{"a":0,"k":[0,0.3411764705882353,0.29411764705882354,1],"ix":4},"o":{"a":0,"k":100,"ix":5},"r":1,"nm":"Fill 1","mn":"ADBE Vector Graphic - Fill","hd":false},{"ty":"tr","p":{"a":0,"k":[26.709,27.209],"ix":2},"a":{"a":0,"k":[0,0],"ix":1},"s":{"a":0,"k":[100,100],"ix":3},"r":{"a":0,"k":0,"ix":6},"o":{"a":0,"k":100,"ix":7},"sk":{"a":0,"k":0,"ix":4},"sa":{"a":0,"k":0,"ix":5},"nm":"Transform"}],"nm":"Ellipse 1","np":3,"cix":2,"ix":1,"mn":"ADBE Vector Group","hd":false}],"ip":0,"op":71,"st":0,"bm":0}],"markers":[]}